{

        "Do you face low energy levels after a day at work?":"Facing low energy after a work at day",
        
        "Do you ever worry about finances?":"Worried about his/her finances",

        "Do you feel confident at work?":"Doesn't feel confident about his/her work",

        "Are you not willing to go to school?":"Not willing to go to school",

        "Are you not happy with your grades?":"Not happy about his/her grades",

        "Do you face bullying at school?":"Faces bullying at school",


        "Do you have any issues with your family?":"Facing issue with family",

        "Are you facing any problems in love?": "Facing problem in love",

        "Do you face any difficulties in expressing your opinions?": "Difficulty in expressing opinions"

}
